<?xml version="1.0" encoding="UTF-8" ?>
<module>
    <name>norwitdelivery</name>
    <displayName><![CDATA[Norwit Delivery - Czas dostawy]]></displayName>
    <version><![CDATA[1.1.0]]></version>
    <description><![CDATA[Wyświetla niestandardowy tekst czasu dostawy dla produktów niedostępnych w magazynie.]]></description>
    <author><![CDATA[Norwit]]></author>
    <tab><![CDATA[front_office_features]]></tab>
    <is_configurable>0</is_configurable>
    <need_instance>0</need_instance>
    <limited_countries></limited_countries>
</module>
