<?xml version="1.0" encoding="UTF-8" ?>
<module>
    <name>retiredproducts</name>
    <displayName><![CDATA[Menedżer wycofanych produkt&oacute;w]]></displayName>
    <version><![CDATA[1.0.0]]></version>
    <description><![CDATA[Dodaje flagę oznaczającą produkty jako wycofane i wyświetla niestandardowy szablon.]]></description>
    <author><![CDATA[Norwit]]></author>
    <tab><![CDATA[administration]]></tab>
    <is_configurable>0</is_configurable>
    <need_instance>1</need_instance>
</module>