<?xml version="1.0" encoding="UTF-8" ?>
<module>
    <name>ps_cashondelivery</name>
    <displayName><![CDATA[Płatność przy odbiorze]]></displayName>
    <version><![CDATA[2.0.2]]></version>
    <description><![CDATA[Akceptuj płatności got&oacute;wką przy odbiorze, aby ułatwić klientom zakupy w Twoim sklepie.]]></description>
    <author><![CDATA[PrestaShop]]></author>
    <tab><![CDATA[payments_gateways]]></tab>
    <is_configurable>0</is_configurable>
    <need_instance>1</need_instance>
</module>