<?xml version="1.0" encoding="UTF-8" ?>
<module>
    <name>customcarrier</name>
    <displayName><![CDATA[Custom Carrier]]></displayName>
    <version><![CDATA[1.0.0]]></version>
    <description><![CDATA[Dynamiczne obliczanie koszt&Atilde;&sup3;w wysy&Aring;&sbquo;ki na podstawie regu&Aring;&sbquo; produktowych.]]></description>
    <author><![CDATA[Norwit]]></author>
    <tab><![CDATA[shipping_logistics]]></tab>
	<confirmUninstall><![CDATA[Czy na pewno chcesz odinstalowaÄ‡ ten moduÅ‚?]]></confirmUninstall>
    <is_configurable>1</is_configurable>
    <need_instance>0</need_instance>
</module>