<?xml version="1.0" encoding="UTF-8" ?>
<module>
    <name>dhlassistant</name>
    <displayName><![CDATA[Asystent DHL dla Presta Shop]]></displayName>
    <version><![CDATA[1.7]]></version>
    <description><![CDATA[DHL Parcel  moduł wysyłek]]></description>
    <author><![CDATA[DHL Parcel Polska]]></author>
    <tab><![CDATA[shipping_logistics]]></tab>
	<confirmUninstall><![CDATA[Czy na pewno chcesz odinstalować moduł?]]></confirmUninstall>
    <is_configurable>1</is_configurable>
    <need_instance>0</need_instance>
</module>