<?xml version="1.0" encoding="UTF-8" ?>
<module>
    <name>customcarrier</name>
    <displayName><![CDATA[Custom Carrier]]></displayName>
    <version><![CDATA[1.5.0]]></version>
    <description><![CDATA[Dynamiczne obliczanie koszt&oacute;w wysyłki w oparciu o zasady dotyczące poszczeg&oacute;lnych produkt&oacute;w.
]]></description>
    <author><![CDATA[Norwit]]></author>
    <tab><![CDATA[shipping_logistics]]></tab>
	<confirmUninstall><![CDATA[Czy na pewno chcesz odinstalować ten moduł?]]></confirmUninstall>
    <is_configurable>1</is_configurable>
    <need_instance>0</need_instance>
</module>